year,mse
2022,0.0506647100171324
2023,0.050633564379145596
2024,0.048418799750702804
2025,0.06070271091689533
