year,mse
2022,0.05070702369948715
2023,0.055015455970989315
2024,0.0829923954104138
2025,0.06396835982031536
